date,party,polling_value,political_position,ideology,wikipedia_url
2020-10-23,Democratic Alignment,2.5,Centre,Liberalism Federalism,https://en.wikipedia.org/wiki/Democratic_Front_(Cyprus)
2021-01-25,Democratic Alignment,4.3,Centre,Liberalism Federalism,https://en.wikipedia.org/wiki/Democratic_Front_(Cyprus)
2021-02-06,Democratic Alignment,2.8,Centre,Liberalism Federalism,https://en.wikipedia.org/wiki/Democratic_Front_(Cyprus)
2021-02-19,Democratic Alignment,3.9,Centre,Liberalism Federalism,https://en.wikipedia.org/wiki/Democratic_Front_(Cyprus)
2021-03-02,Democratic Alignment,3.4,Centre,Liberalism Federalism,https://en.wikipedia.org/wiki/Democratic_Front_(Cyprus)
2021-03-12,Democratic Alignment,3.0,Centre,Liberalism Federalism,https://en.wikipedia.org/wiki/Democratic_Front_(Cyprus)
2021-03-18,Democratic Alignment,3.0,Centre,Liberalism Federalism,https://en.wikipedia.org/wiki/Democratic_Front_(Cyprus)
2021-03-20,Democratic Alignment,4.1,Centre,Liberalism Federalism,https://en.wikipedia.org/wiki/Democratic_Front_(Cyprus)
2021-04-04,Democratic Alignment,2.2,Centre,Liberalism Federalism,https://en.wikipedia.org/wiki/Democratic_Front_(Cyprus)
2021-04-09,Democratic Alignment,2.6,Centre,Liberalism Federalism,https://en.wikipedia.org/wiki/Democratic_Front_(Cyprus)
2021-04-09,Democratic Alignment,4.1,Centre,Liberalism Federalism,https://en.wikipedia.org/wiki/Democratic_Front_(Cyprus)
2021-04-16,Democratic Alignment,4.1,Centre,Liberalism Federalism,https://en.wikipedia.org/wiki/Democratic_Front_(Cyprus)
2021-04-16,Democratic Alignment,3.4,Centre,Liberalism Federalism,https://en.wikipedia.org/wiki/Democratic_Front_(Cyprus)
2021-04-17,Democratic Alignment,2.5,Centre,Liberalism Federalism,https://en.wikipedia.org/wiki/Democratic_Front_(Cyprus)
2021-04-23,Democratic Alignment,3.1,Centre,Liberalism Federalism,https://en.wikipedia.org/wiki/Democratic_Front_(Cyprus)
2021-05-07,Democratic Alignment,3.5,Centre,Liberalism Federalism,https://en.wikipedia.org/wiki/Democratic_Front_(Cyprus)
2021-05-12,Democratic Alignment,2.7,Centre,Liberalism Federalism,https://en.wikipedia.org/wiki/Democratic_Front_(Cyprus)
2021-05-12,Democratic Alignment,2.8,Centre,Liberalism Federalism,https://en.wikipedia.org/wiki/Democratic_Front_(Cyprus)
2021-05-13,Democratic Alignment,4.3,Centre,Liberalism Federalism,https://en.wikipedia.org/wiki/Democratic_Front_(Cyprus)
2021-05-14,Democratic Alignment,3.5,Centre,Liberalism Federalism,https://en.wikipedia.org/wiki/Democratic_Front_(Cyprus)
2021-05-15,Democratic Alignment,3.0,Centre,Liberalism Federalism,https://en.wikipedia.org/wiki/Democratic_Front_(Cyprus)
2021-05-20,Democratic Alignment,4.9,Centre,Liberalism Federalism,https://en.wikipedia.org/wiki/Democratic_Front_(Cyprus)
2020-10-23,Democratic Party,13.2,Centre,Greek Cypriot nationalism Pro-Europeanism,https://en.wikipedia.org/wiki/Democratic_Party_(Cyprus)
2021-01-25,Democratic Party,12.0,Centre,Greek Cypriot nationalism Pro-Europeanism,https://en.wikipedia.org/wiki/Democratic_Party_(Cyprus)
2021-02-06,Democratic Party,13.5,Centre,Greek Cypriot nationalism Pro-Europeanism,https://en.wikipedia.org/wiki/Democratic_Party_(Cyprus)
2021-02-19,Democratic Party,14.2,Centre,Greek Cypriot nationalism Pro-Europeanism,https://en.wikipedia.org/wiki/Democratic_Party_(Cyprus)
2021-03-02,Democratic Party,13.8,Centre,Greek Cypriot nationalism Pro-Europeanism,https://en.wikipedia.org/wiki/Democratic_Party_(Cyprus)
2021-03-12,Democratic Party,11.9,Centre,Greek Cypriot nationalism Pro-Europeanism,https://en.wikipedia.org/wiki/Democratic_Party_(Cyprus)
2021-03-18,Democratic Party,13.6,Centre,Greek Cypriot nationalism Pro-Europeanism,https://en.wikipedia.org/wiki/Democratic_Party_(Cyprus)
2021-03-20,Democratic Party,14.4,Centre,Greek Cypriot nationalism Pro-Europeanism,https://en.wikipedia.org/wiki/Democratic_Party_(Cyprus)
2021-04-04,Democratic Party,14.1,Centre,Greek Cypriot nationalism Pro-Europeanism,https://en.wikipedia.org/wiki/Democratic_Party_(Cyprus)
2021-04-09,Democratic Party,12.0,Centre,Greek Cypriot nationalism Pro-Europeanism,https://en.wikipedia.org/wiki/Democratic_Party_(Cyprus)
2021-04-09,Democratic Party,14.5,Centre,Greek Cypriot nationalism Pro-Europeanism,https://en.wikipedia.org/wiki/Democratic_Party_(Cyprus)
2021-04-16,Democratic Party,13.6,Centre,Greek Cypriot nationalism Pro-Europeanism,https://en.wikipedia.org/wiki/Democratic_Party_(Cyprus)
2021-04-16,Democratic Party,13.3,Centre,Greek Cypriot nationalism Pro-Europeanism,https://en.wikipedia.org/wiki/Democratic_Party_(Cyprus)
2021-04-17,Democratic Party,14.0,Centre,Greek Cypriot nationalism Pro-Europeanism,https://en.wikipedia.org/wiki/Democratic_Party_(Cyprus)
2021-04-23,Democratic Party,12.9,Centre,Greek Cypriot nationalism Pro-Europeanism,https://en.wikipedia.org/wiki/Democratic_Party_(Cyprus)
2021-05-07,Democratic Party,12.0,Centre,Greek Cypriot nationalism Pro-Europeanism,https://en.wikipedia.org/wiki/Democratic_Party_(Cyprus)
2021-05-12,Democratic Party,14.3,Centre,Greek Cypriot nationalism Pro-Europeanism,https://en.wikipedia.org/wiki/Democratic_Party_(Cyprus)
2021-05-12,Democratic Party,9.5,Centre,Greek Cypriot nationalism Pro-Europeanism,https://en.wikipedia.org/wiki/Democratic_Party_(Cyprus)
2021-05-13,Democratic Party,10.7,Centre,Greek Cypriot nationalism Pro-Europeanism,https://en.wikipedia.org/wiki/Democratic_Party_(Cyprus)
2021-05-14,Democratic Party,13.0,Centre,Greek Cypriot nationalism Pro-Europeanism,https://en.wikipedia.org/wiki/Democratic_Party_(Cyprus)
2021-05-15,Democratic Party,9.5,Centre,Greek Cypriot nationalism Pro-Europeanism,https://en.wikipedia.org/wiki/Democratic_Party_(Cyprus)
2021-05-20,Democratic Party,12.4,Centre,Greek Cypriot nationalism Pro-Europeanism,https://en.wikipedia.org/wiki/Democratic_Party_(Cyprus)
2020-10-23,Democratic Rally,30.5,Centre-right to right-wing,Christian democracy Liberal conservatism Pro-Europeanism,https://en.wikipedia.org/wiki/Democratic_Rally
2021-01-25,Democratic Rally,30.0,Centre-right to right-wing,Christian democracy Liberal conservatism Pro-Europeanism,https://en.wikipedia.org/wiki/Democratic_Rally
2021-02-06,Democratic Rally,28.4,Centre-right to right-wing,Christian democracy Liberal conservatism Pro-Europeanism,https://en.wikipedia.org/wiki/Democratic_Rally
2021-02-19,Democratic Rally,26.9,Centre-right to right-wing,Christian democracy Liberal conservatism Pro-Europeanism,https://en.wikipedia.org/wiki/Democratic_Rally
2021-03-02,Democratic Rally,28.1,Centre-right to right-wing,Christian democracy Liberal conservatism Pro-Europeanism,https://en.wikipedia.org/wiki/Democratic_Rally
2021-03-12,Democratic Rally,23.9,Centre-right to right-wing,Christian democracy Liberal conservatism Pro-Europeanism,https://en.wikipedia.org/wiki/Democratic_Rally
2021-03-18,Democratic Rally,25.8,Centre-right to right-wing,Christian democracy Liberal conservatism Pro-Europeanism,https://en.wikipedia.org/wiki/Democratic_Rally
2021-03-20,Democratic Rally,26.0,Centre-right to right-wing,Christian democracy Liberal conservatism Pro-Europeanism,https://en.wikipedia.org/wiki/Democratic_Rally
2021-04-04,Democratic Rally,26.9,Centre-right to right-wing,Christian democracy Liberal conservatism Pro-Europeanism,https://en.wikipedia.org/wiki/Democratic_Rally
2021-04-09,Democratic Rally,28.1,Centre-right to right-wing,Christian democracy Liberal conservatism Pro-Europeanism,https://en.wikipedia.org/wiki/Democratic_Rally
2021-04-09,Democratic Rally,26.4,Centre-right to right-wing,Christian democracy Liberal conservatism Pro-Europeanism,https://en.wikipedia.org/wiki/Democratic_Rally
2021-04-16,Democratic Rally,27.2,Centre-right to right-wing,Christian democracy Liberal conservatism Pro-Europeanism,https://en.wikipedia.org/wiki/Democratic_Rally
2021-04-16,Democratic Rally,26.3,Centre-right to right-wing,Christian democracy Liberal conservatism Pro-Europeanism,https://en.wikipedia.org/wiki/Democratic_Rally
2021-04-17,Democratic Rally,25.8,Centre-right to right-wing,Christian democracy Liberal conservatism Pro-Europeanism,https://en.wikipedia.org/wiki/Democratic_Rally
2021-04-23,Democratic Rally,28.4,Centre-right to right-wing,Christian democracy Liberal conservatism Pro-Europeanism,https://en.wikipedia.org/wiki/Democratic_Rally
2021-05-07,Democratic Rally,25.0,Centre-right to right-wing,Christian democracy Liberal conservatism Pro-Europeanism,https://en.wikipedia.org/wiki/Democratic_Rally
2021-05-12,Democratic Rally,26.9,Centre-right to right-wing,Christian democracy Liberal conservatism Pro-Europeanism,https://en.wikipedia.org/wiki/Democratic_Rally
2021-05-12,Democratic Rally,18.8,Centre-right to right-wing,Christian democracy Liberal conservatism Pro-Europeanism,https://en.wikipedia.org/wiki/Democratic_Rally
2021-05-13,Democratic Rally,26.1,Centre-right to right-wing,Christian democracy Liberal conservatism Pro-Europeanism,https://en.wikipedia.org/wiki/Democratic_Rally
2021-05-14,Democratic Rally,25.7,Centre-right to right-wing,Christian democracy Liberal conservatism Pro-Europeanism,https://en.wikipedia.org/wiki/Democratic_Rally
2021-05-15,Democratic Rally,21.0,Centre-right to right-wing,Christian democracy Liberal conservatism Pro-Europeanism,https://en.wikipedia.org/wiki/Democratic_Rally
2021-05-20,Democratic Rally,26.3,Centre-right to right-wing,Christian democracy Liberal conservatism Pro-Europeanism,https://en.wikipedia.org/wiki/Democratic_Rally
2020-10-23,EDEK Socialist Party,6.2,Centre-left,Social democracy Greek Cypriot nationalism,https://en.wikipedia.org/wiki/Movement_for_Social_Democracy
2021-01-25,EDEK Socialist Party,4.8,Centre-left,Social democracy Greek Cypriot nationalism,https://en.wikipedia.org/wiki/Movement_for_Social_Democracy
2021-02-06,EDEK Socialist Party,5.4,Centre-left,Social democracy Greek Cypriot nationalism,https://en.wikipedia.org/wiki/Movement_for_Social_Democracy
2021-02-19,EDEK Socialist Party,5.5,Centre-left,Social democracy Greek Cypriot nationalism,https://en.wikipedia.org/wiki/Movement_for_Social_Democracy
2021-03-02,EDEK Socialist Party,4.8,Centre-left,Social democracy Greek Cypriot nationalism,https://en.wikipedia.org/wiki/Movement_for_Social_Democracy
2021-03-12,EDEK Socialist Party,4.8,Centre-left,Social democracy Greek Cypriot nationalism,https://en.wikipedia.org/wiki/Movement_for_Social_Democracy
2021-03-18,EDEK Socialist Party,6.1,Centre-left,Social democracy Greek Cypriot nationalism,https://en.wikipedia.org/wiki/Movement_for_Social_Democracy
2021-03-20,EDEK Socialist Party,5.5,Centre-left,Social democracy Greek Cypriot nationalism,https://en.wikipedia.org/wiki/Movement_for_Social_Democracy
2021-04-04,EDEK Socialist Party,6.1,Centre-left,Social democracy Greek Cypriot nationalism,https://en.wikipedia.org/wiki/Movement_for_Social_Democracy
2021-04-09,EDEK Socialist Party,4.8,Centre-left,Social democracy Greek Cypriot nationalism,https://en.wikipedia.org/wiki/Movement_for_Social_Democracy
2021-04-09,EDEK Socialist Party,5.8,Centre-left,Social democracy Greek Cypriot nationalism,https://en.wikipedia.org/wiki/Movement_for_Social_Democracy
2021-04-16,EDEK Socialist Party,6.8,Centre-left,Social democracy Greek Cypriot nationalism,https://en.wikipedia.org/wiki/Movement_for_Social_Democracy
2021-04-16,EDEK Socialist Party,5.1,Centre-left,Social democracy Greek Cypriot nationalism,https://en.wikipedia.org/wiki/Movement_for_Social_Democracy
2021-04-17,EDEK Socialist Party,6.8,Centre-left,Social democracy Greek Cypriot nationalism,https://en.wikipedia.org/wiki/Movement_for_Social_Democracy
2021-04-23,EDEK Socialist Party,6.1,Centre-left,Social democracy Greek Cypriot nationalism,https://en.wikipedia.org/wiki/Movement_for_Social_Democracy
2021-05-07,EDEK Socialist Party,6.0,Centre-left,Social democracy Greek Cypriot nationalism,https://en.wikipedia.org/wiki/Movement_for_Social_Democracy
2021-05-12,EDEK Socialist Party,6.0,Centre-left,Social democracy Greek Cypriot nationalism,https://en.wikipedia.org/wiki/Movement_for_Social_Democracy
2021-05-12,EDEK Socialist Party,4.2,Centre-left,Social democracy Greek Cypriot nationalism,https://en.wikipedia.org/wiki/Movement_for_Social_Democracy
2021-05-13,EDEK Socialist Party,5.8,Centre-left,Social democracy Greek Cypriot nationalism,https://en.wikipedia.org/wiki/Movement_for_Social_Democracy
2021-05-14,EDEK Socialist Party,5.7,Centre-left,Social democracy Greek Cypriot nationalism,https://en.wikipedia.org/wiki/Movement_for_Social_Democracy
2021-05-15,EDEK Socialist Party,5.5,Centre-left,Social democracy Greek Cypriot nationalism,https://en.wikipedia.org/wiki/Movement_for_Social_Democracy
2021-05-20,EDEK Socialist Party,6.2,Centre-left,Social democracy Greek Cypriot nationalism,https://en.wikipedia.org/wiki/Movement_for_Social_Democracy
2020-10-23,ELAM,6.2,Far-right,Greek ultranationalism Euroscepticism Neo-Metaxism Neo-fascism,https://en.wikipedia.org/wiki/ELAM_(Cyprus)
2021-01-25,ELAM,4.8,Far-right,Greek ultranationalism Euroscepticism Neo-Metaxism Neo-fascism,https://en.wikipedia.org/wiki/ELAM_(Cyprus)
2021-02-06,ELAM,6.7,Far-right,Greek ultranationalism Euroscepticism Neo-Metaxism Neo-fascism,https://en.wikipedia.org/wiki/ELAM_(Cyprus)
2021-02-19,ELAM,5.7,Far-right,Greek ultranationalism Euroscepticism Neo-Metaxism Neo-fascism,https://en.wikipedia.org/wiki/ELAM_(Cyprus)
2021-03-02,ELAM,9.2,Far-right,Greek ultranationalism Euroscepticism Neo-Metaxism Neo-fascism,https://en.wikipedia.org/wiki/ELAM_(Cyprus)
2021-03-12,ELAM,5.8,Far-right,Greek ultranationalism Euroscepticism Neo-Metaxism Neo-fascism,https://en.wikipedia.org/wiki/ELAM_(Cyprus)
2021-03-18,ELAM,4.5,Far-right,Greek ultranationalism Euroscepticism Neo-Metaxism Neo-fascism,https://en.wikipedia.org/wiki/ELAM_(Cyprus)
2021-03-20,ELAM,6.2,Far-right,Greek ultranationalism Euroscepticism Neo-Metaxism Neo-fascism,https://en.wikipedia.org/wiki/ELAM_(Cyprus)
2021-04-04,ELAM,6.2,Far-right,Greek ultranationalism Euroscepticism Neo-Metaxism Neo-fascism,https://en.wikipedia.org/wiki/ELAM_(Cyprus)
2021-04-09,ELAM,8.5,Far-right,Greek ultranationalism Euroscepticism Neo-Metaxism Neo-fascism,https://en.wikipedia.org/wiki/ELAM_(Cyprus)
2021-04-09,ELAM,5.8,Far-right,Greek ultranationalism Euroscepticism Neo-Metaxism Neo-fascism,https://en.wikipedia.org/wiki/ELAM_(Cyprus)
2021-04-16,ELAM,6.1,Far-right,Greek ultranationalism Euroscepticism Neo-Metaxism Neo-fascism,https://en.wikipedia.org/wiki/ELAM_(Cyprus)
2021-04-16,ELAM,6.6,Far-right,Greek ultranationalism Euroscepticism Neo-Metaxism Neo-fascism,https://en.wikipedia.org/wiki/ELAM_(Cyprus)
2021-04-17,ELAM,6.2,Far-right,Greek ultranationalism Euroscepticism Neo-Metaxism Neo-fascism,https://en.wikipedia.org/wiki/ELAM_(Cyprus)
2021-04-23,ELAM,6.5,Far-right,Greek ultranationalism Euroscepticism Neo-Metaxism Neo-fascism,https://en.wikipedia.org/wiki/ELAM_(Cyprus)
2021-05-07,ELAM,7.0,Far-right,Greek ultranationalism Euroscepticism Neo-Metaxism Neo-fascism,https://en.wikipedia.org/wiki/ELAM_(Cyprus)
2021-05-12,ELAM,6.2,Far-right,Greek ultranationalism Euroscepticism Neo-Metaxism Neo-fascism,https://en.wikipedia.org/wiki/ELAM_(Cyprus)
2021-05-12,ELAM,4.9,Far-right,Greek ultranationalism Euroscepticism Neo-Metaxism Neo-fascism,https://en.wikipedia.org/wiki/ELAM_(Cyprus)
2021-05-13,ELAM,8.5,Far-right,Greek ultranationalism Euroscepticism Neo-Metaxism Neo-fascism,https://en.wikipedia.org/wiki/ELAM_(Cyprus)
2021-05-14,ELAM,6.8,Far-right,Greek ultranationalism Euroscepticism Neo-Metaxism Neo-fascism,https://en.wikipedia.org/wiki/ELAM_(Cyprus)
2021-05-15,ELAM,5.5,Far-right,Greek ultranationalism Euroscepticism Neo-Metaxism Neo-fascism,https://en.wikipedia.org/wiki/ELAM_(Cyprus)
2021-05-20,ELAM,6.7,Far-right,Greek ultranationalism Euroscepticism Neo-Metaxism Neo-fascism,https://en.wikipedia.org/wiki/ELAM_(Cyprus)
2021-02-06,Generation Change,3.3,Centre-left,Liberalism Social liberalism,https://en.wikipedia.org/wiki/Generation_Change
2021-02-19,Generation Change,3.0,Centre-left,Liberalism Social liberalism,https://en.wikipedia.org/wiki/Generation_Change
2021-03-02,Generation Change,3.4,Centre-left,Liberalism Social liberalism,https://en.wikipedia.org/wiki/Generation_Change
2021-03-12,Generation Change,1.9,Centre-left,Liberalism Social liberalism,https://en.wikipedia.org/wiki/Generation_Change
2021-03-18,Generation Change,4.5,Centre-left,Liberalism Social liberalism,https://en.wikipedia.org/wiki/Generation_Change
2021-03-20,Generation Change,6.8,Centre-left,Liberalism Social liberalism,https://en.wikipedia.org/wiki/Generation_Change
2021-04-04,Generation Change,8.3,Centre-left,Liberalism Social liberalism,https://en.wikipedia.org/wiki/Generation_Change
2021-04-09,Generation Change,5.4,Centre-left,Liberalism Social liberalism,https://en.wikipedia.org/wiki/Generation_Change
2021-04-09,Generation Change,5.8,Centre-left,Liberalism Social liberalism,https://en.wikipedia.org/wiki/Generation_Change
2021-04-16,Generation Change,5.4,Centre-left,Liberalism Social liberalism,https://en.wikipedia.org/wiki/Generation_Change
2021-04-16,Generation Change,4.6,Centre-left,Liberalism Social liberalism,https://en.wikipedia.org/wiki/Generation_Change
2021-04-17,Generation Change,6.5,Centre-left,Liberalism Social liberalism,https://en.wikipedia.org/wiki/Generation_Change
2021-04-23,Generation Change,3.4,Centre-left,Liberalism Social liberalism,https://en.wikipedia.org/wiki/Generation_Change
2021-05-07,Generation Change,3.5,Centre-left,Liberalism Social liberalism,https://en.wikipedia.org/wiki/Generation_Change
2021-05-12,Generation Change,3.5,Centre-left,Liberalism Social liberalism,https://en.wikipedia.org/wiki/Generation_Change
2021-05-12,Generation Change,2.5,Centre-left,Liberalism Social liberalism,https://en.wikipedia.org/wiki/Generation_Change
2021-05-13,Generation Change,4.4,Centre-left,Liberalism Social liberalism,https://en.wikipedia.org/wiki/Generation_Change
2021-05-14,Generation Change,3.4,Centre-left,Liberalism Social liberalism,https://en.wikipedia.org/wiki/Generation_Change
2021-05-15,Generation Change,2.5,Centre-left,Liberalism Social liberalism,https://en.wikipedia.org/wiki/Generation_Change
2021-05-20,Generation Change,3.2,Centre-left,Liberalism Social liberalism,https://en.wikipedia.org/wiki/Generation_Change
2020-10-23,Movement of Ecologists - Citizens' Cooperation,6.0,Centre-left,Green politics Anti-federalism,https://en.wikipedia.org/wiki/Ecological_and_Environmental_Movement
2021-01-25,Movement of Ecologists - Citizens' Cooperation,4.0,Centre-left,Green politics Anti-federalism,https://en.wikipedia.org/wiki/Ecological_and_Environmental_Movement
2021-02-06,Movement of Ecologists - Citizens' Cooperation,7.0,Centre-left,Green politics Anti-federalism,https://en.wikipedia.org/wiki/Ecological_and_Environmental_Movement
2021-02-19,Movement of Ecologists - Citizens' Cooperation,7.7,Centre-left,Green politics Anti-federalism,https://en.wikipedia.org/wiki/Ecological_and_Environmental_Movement
2021-03-02,Movement of Ecologists - Citizens' Cooperation,8.4,Centre-left,Green politics Anti-federalism,https://en.wikipedia.org/wiki/Ecological_and_Environmental_Movement
2021-03-12,Movement of Ecologists - Citizens' Cooperation,6.1,Centre-left,Green politics Anti-federalism,https://en.wikipedia.org/wiki/Ecological_and_Environmental_Movement
2021-03-18,Movement of Ecologists - Citizens' Cooperation,9.1,Centre-left,Green politics Anti-federalism,https://en.wikipedia.org/wiki/Ecological_and_Environmental_Movement
2021-03-20,Movement of Ecologists - Citizens' Cooperation,8.2,Centre-left,Green politics Anti-federalism,https://en.wikipedia.org/wiki/Ecological_and_Environmental_Movement
2021-04-04,Movement of Ecologists - Citizens' Cooperation,6.1,Centre-left,Green politics Anti-federalism,https://en.wikipedia.org/wiki/Ecological_and_Environmental_Movement
2021-04-09,Movement of Ecologists - Citizens' Cooperation,6.5,Centre-left,Green politics Anti-federalism,https://en.wikipedia.org/wiki/Ecological_and_Environmental_Movement
2021-04-09,Movement of Ecologists - Citizens' Cooperation,7.4,Centre-left,Green politics Anti-federalism,https://en.wikipedia.org/wiki/Ecological_and_Environmental_Movement
2021-04-16,Movement of Ecologists - Citizens' Cooperation,6.8,Centre-left,Green politics Anti-federalism,https://en.wikipedia.org/wiki/Ecological_and_Environmental_Movement
2021-04-16,Movement of Ecologists - Citizens' Cooperation,6.1,Centre-left,Green politics Anti-federalism,https://en.wikipedia.org/wiki/Ecological_and_Environmental_Movement
2021-04-17,Movement of Ecologists - Citizens' Cooperation,7.6,Centre-left,Green politics Anti-federalism,https://en.wikipedia.org/wiki/Ecological_and_Environmental_Movement
2021-04-23,Movement of Ecologists - Citizens' Cooperation,6.5,Centre-left,Green politics Anti-federalism,https://en.wikipedia.org/wiki/Ecological_and_Environmental_Movement
2021-05-07,Movement of Ecologists - Citizens' Cooperation,7.0,Centre-left,Green politics Anti-federalism,https://en.wikipedia.org/wiki/Ecological_and_Environmental_Movement
2021-05-12,Movement of Ecologists - Citizens' Cooperation,7.1,Centre-left,Green politics Anti-federalism,https://en.wikipedia.org/wiki/Ecological_and_Environmental_Movement
2021-05-12,Movement of Ecologists - Citizens' Cooperation,4.6,Centre-left,Green politics Anti-federalism,https://en.wikipedia.org/wiki/Ecological_and_Environmental_Movement
2021-05-13,Movement of Ecologists - Citizens' Cooperation,7.0,Centre-left,Green politics Anti-federalism,https://en.wikipedia.org/wiki/Ecological_and_Environmental_Movement
2021-05-14,Movement of Ecologists - Citizens' Cooperation,5.4,Centre-left,Green politics Anti-federalism,https://en.wikipedia.org/wiki/Ecological_and_Environmental_Movement
2021-05-15,Movement of Ecologists - Citizens' Cooperation,5.5,Centre-left,Green politics Anti-federalism,https://en.wikipedia.org/wiki/Ecological_and_Environmental_Movement
2021-05-20,Movement of Ecologists - Citizens' Cooperation,6.2,Centre-left,Green politics Anti-federalism,https://en.wikipedia.org/wiki/Ecological_and_Environmental_Movement
2020-10-23,Progressive Party of Working People,26.1,Left-wing to far-left,Communism Marxism–Leninism Cypriotism Federalism Soft Euroscepticism,https://en.wikipedia.org/wiki/Progressive_Party_of_Working_People
2021-01-25,Progressive Party of Working People,20.5,Left-wing to far-left,Communism Marxism–Leninism Cypriotism Federalism Soft Euroscepticism,https://en.wikipedia.org/wiki/Progressive_Party_of_Working_People
2021-02-06,Progressive Party of Working People,24.5,Left-wing to far-left,Communism Marxism–Leninism Cypriotism Federalism Soft Euroscepticism,https://en.wikipedia.org/wiki/Progressive_Party_of_Working_People
2021-02-19,Progressive Party of Working People,22.0,Left-wing to far-left,Communism Marxism–Leninism Cypriotism Federalism Soft Euroscepticism,https://en.wikipedia.org/wiki/Progressive_Party_of_Working_People
2021-03-02,Progressive Party of Working People,26.3,Left-wing to far-left,Communism Marxism–Leninism Cypriotism Federalism Soft Euroscepticism,https://en.wikipedia.org/wiki/Progressive_Party_of_Working_People
2021-03-12,Progressive Party of Working People,21.3,Left-wing to far-left,Communism Marxism–Leninism Cypriotism Federalism Soft Euroscepticism,https://en.wikipedia.org/wiki/Progressive_Party_of_Working_People
2021-03-18,Progressive Party of Working People,21.2,Left-wing to far-left,Communism Marxism–Leninism Cypriotism Federalism Soft Euroscepticism,https://en.wikipedia.org/wiki/Progressive_Party_of_Working_People
2021-03-20,Progressive Party of Working People,23.3,Left-wing to far-left,Communism Marxism–Leninism Cypriotism Federalism Soft Euroscepticism,https://en.wikipedia.org/wiki/Progressive_Party_of_Working_People
2021-04-04,Progressive Party of Working People,22.1,Left-wing to far-left,Communism Marxism–Leninism Cypriotism Federalism Soft Euroscepticism,https://en.wikipedia.org/wiki/Progressive_Party_of_Working_People
2021-04-09,Progressive Party of Working People,24.6,Left-wing to far-left,Communism Marxism–Leninism Cypriotism Federalism Soft Euroscepticism,https://en.wikipedia.org/wiki/Progressive_Party_of_Working_People
2021-04-09,Progressive Party of Working People,23.9,Left-wing to far-left,Communism Marxism–Leninism Cypriotism Federalism Soft Euroscepticism,https://en.wikipedia.org/wiki/Progressive_Party_of_Working_People
2021-04-16,Progressive Party of Working People,24.5,Left-wing to far-left,Communism Marxism–Leninism Cypriotism Federalism Soft Euroscepticism,https://en.wikipedia.org/wiki/Progressive_Party_of_Working_People
2021-04-16,Progressive Party of Working People,24.0,Left-wing to far-left,Communism Marxism–Leninism Cypriotism Federalism Soft Euroscepticism,https://en.wikipedia.org/wiki/Progressive_Party_of_Working_People
2021-04-17,Progressive Party of Working People,22.7,Left-wing to far-left,Communism Marxism–Leninism Cypriotism Federalism Soft Euroscepticism,https://en.wikipedia.org/wiki/Progressive_Party_of_Working_People
2021-04-23,Progressive Party of Working People,26.9,Left-wing to far-left,Communism Marxism–Leninism Cypriotism Federalism Soft Euroscepticism,https://en.wikipedia.org/wiki/Progressive_Party_of_Working_People
2021-05-07,Progressive Party of Working People,23.0,Left-wing to far-left,Communism Marxism–Leninism Cypriotism Federalism Soft Euroscepticism,https://en.wikipedia.org/wiki/Progressive_Party_of_Working_People
2021-05-12,Progressive Party of Working People,22.9,Left-wing to far-left,Communism Marxism–Leninism Cypriotism Federalism Soft Euroscepticism,https://en.wikipedia.org/wiki/Progressive_Party_of_Working_People
2021-05-12,Progressive Party of Working People,17.3,Left-wing to far-left,Communism Marxism–Leninism Cypriotism Federalism Soft Euroscepticism,https://en.wikipedia.org/wiki/Progressive_Party_of_Working_People
2021-05-13,Progressive Party of Working People,24.8,Left-wing to far-left,Communism Marxism–Leninism Cypriotism Federalism Soft Euroscepticism,https://en.wikipedia.org/wiki/Progressive_Party_of_Working_People
2021-05-14,Progressive Party of Working People,23.4,Left-wing to far-left,Communism Marxism–Leninism Cypriotism Federalism Soft Euroscepticism,https://en.wikipedia.org/wiki/Progressive_Party_of_Working_People
2021-05-15,Progressive Party of Working People,19.0,Left-wing to far-left,Communism Marxism–Leninism Cypriotism Federalism Soft Euroscepticism,https://en.wikipedia.org/wiki/Progressive_Party_of_Working_People
2021-05-20,Progressive Party of Working People,24.9,Left-wing to far-left,Communism Marxism–Leninism Cypriotism Federalism Soft Euroscepticism,https://en.wikipedia.org/wiki/Progressive_Party_of_Working_People
2020-10-23,Solidarity Movement,1.8,Right-wing,Greek Cypriot nationalism National conservatism Soft Euroscepticism,https://en.wikipedia.org/wiki/Solidarity_Movement_(Cyprus)
2021-01-25,Solidarity Movement,4.8,Right-wing,Greek Cypriot nationalism National conservatism Soft Euroscepticism,https://en.wikipedia.org/wiki/Solidarity_Movement_(Cyprus)
2021-02-06,Solidarity Movement,0.9,Right-wing,Greek Cypriot nationalism National conservatism Soft Euroscepticism,https://en.wikipedia.org/wiki/Solidarity_Movement_(Cyprus)
2021-02-19,Solidarity Movement,2.0,Right-wing,Greek Cypriot nationalism National conservatism Soft Euroscepticism,https://en.wikipedia.org/wiki/Solidarity_Movement_(Cyprus)
2021-03-02,Solidarity Movement,1.6,Right-wing,Greek Cypriot nationalism National conservatism Soft Euroscepticism,https://en.wikipedia.org/wiki/Solidarity_Movement_(Cyprus)
2021-03-12,Solidarity Movement,1.9,Right-wing,Greek Cypriot nationalism National conservatism Soft Euroscepticism,https://en.wikipedia.org/wiki/Solidarity_Movement_(Cyprus)
2021-03-18,Solidarity Movement,1.5,Right-wing,Greek Cypriot nationalism National conservatism Soft Euroscepticism,https://en.wikipedia.org/wiki/Solidarity_Movement_(Cyprus)
2021-03-20,Solidarity Movement,2.1,Right-wing,Greek Cypriot nationalism National conservatism Soft Euroscepticism,https://en.wikipedia.org/wiki/Solidarity_Movement_(Cyprus)
2021-04-04,Solidarity Movement,0.6,Right-wing,Greek Cypriot nationalism National conservatism Soft Euroscepticism,https://en.wikipedia.org/wiki/Solidarity_Movement_(Cyprus)
2021-04-09,Solidarity Movement,0.7,Right-wing,Greek Cypriot nationalism National conservatism Soft Euroscepticism,https://en.wikipedia.org/wiki/Solidarity_Movement_(Cyprus)
2021-04-09,Solidarity Movement,1.5,Right-wing,Greek Cypriot nationalism National conservatism Soft Euroscepticism,https://en.wikipedia.org/wiki/Solidarity_Movement_(Cyprus)
2021-04-16,Solidarity Movement,1.4,Right-wing,Greek Cypriot nationalism National conservatism Soft Euroscepticism,https://en.wikipedia.org/wiki/Solidarity_Movement_(Cyprus)
2021-04-16,Solidarity Movement,1.8,Right-wing,Greek Cypriot nationalism National conservatism Soft Euroscepticism,https://en.wikipedia.org/wiki/Solidarity_Movement_(Cyprus)
2021-04-17,Solidarity Movement,2.9,Right-wing,Greek Cypriot nationalism National conservatism Soft Euroscepticism,https://en.wikipedia.org/wiki/Solidarity_Movement_(Cyprus)
2021-04-23,Solidarity Movement,0.9,Right-wing,Greek Cypriot nationalism National conservatism Soft Euroscepticism,https://en.wikipedia.org/wiki/Solidarity_Movement_(Cyprus)
2021-05-07,Solidarity Movement,3.0,Right-wing,Greek Cypriot nationalism National conservatism Soft Euroscepticism,https://en.wikipedia.org/wiki/Solidarity_Movement_(Cyprus)
2021-05-12,Solidarity Movement,1.7,Right-wing,Greek Cypriot nationalism National conservatism Soft Euroscepticism,https://en.wikipedia.org/wiki/Solidarity_Movement_(Cyprus)
2021-05-12,Solidarity Movement,1.8,Right-wing,Greek Cypriot nationalism National conservatism Soft Euroscepticism,https://en.wikipedia.org/wiki/Solidarity_Movement_(Cyprus)
2021-05-13,Solidarity Movement,1.4,Right-wing,Greek Cypriot nationalism National conservatism Soft Euroscepticism,https://en.wikipedia.org/wiki/Solidarity_Movement_(Cyprus)
2021-05-14,Solidarity Movement,1.5,Right-wing,Greek Cypriot nationalism National conservatism Soft Euroscepticism,https://en.wikipedia.org/wiki/Solidarity_Movement_(Cyprus)
2021-05-15,Solidarity Movement,1.5,Right-wing,Greek Cypriot nationalism National conservatism Soft Euroscepticism,https://en.wikipedia.org/wiki/Solidarity_Movement_(Cyprus)
2021-05-20,Solidarity Movement,2.1,Right-wing,Greek Cypriot nationalism National conservatism Soft Euroscepticism,https://en.wikipedia.org/wiki/Solidarity_Movement_(Cyprus)
